data,vacina,aplicadas
18/04/2021,CORONAVAC | BUTANTAN,8849010
26/04/2021,ASTRAZENECA | OXFORD,2063982
26/04/2021,CORONAVAC | BUTANTAN,8517753
29/04/2021,ASTRAZENECA | OXFORD,2389941
29/04/2021,CORONAVAC | BUTANTAN,8778234
30/04/2021,ASTRAZENECA | OXFORD,2505060
30/04/2021,CORONAVAC | BUTANTAN,8831071
01/05/2021,ASTRAZENECA | OXFORD,2603334
01/05/2021,CORONAVAC | BUTANTAN,8894015
03/05/2021,ASTRAZENECA | OXFORD,2616540
03/05/2021,CORONAVAC | BUTANTAN,8903554
05/05/2021,ASTRAZENECA | OXFORD,2934043
05/05/2021,CORONAVAC | BUTANTAN,9065428
06/05/2021,ASTRAZENECA | OXFORD,3142675
06/05/2021,CORONAVAC | BUTANTAN,9111756
07/05/2021,ASTRAZENECA | OXFORD,3327215
07/05/2021,CORONAVAC | BUTANTAN,9140576
08/05/2021,ASTRAZENECA | OXFORD,3577922
08/05/2021,CORONAVAC | BUTANTAN,9196895
10/05/2021,ASTRAZENECA | OXFORD,3786932
10/05/2021,CORONAVAC | BUTANTAN,9263188
11/05/2021,ASTRAZENECA | OXFORD,3918494
11/05/2021,CORONAVAC | BUTANTAN,9317845
12/05/2021,ASTRAZENECA | OXFORD,4033997
12/05/2021,CORONAVAC | BUTANTAN,9345518
13/05/2021,ASTRAZENECA | OXFORD,4205852
13/05/2021,CORONAVAC | BUTANTAN,9373750
14/05/2021,ASTRAZENECA | OXFORD,4314746
14/05/2021,CORONAVAC | BUTANTAN,9388926
15/05/2021,ASTRAZENECA | OXFORD,4568417
15/05/2021,CORONAVAC | BUTANTAN,9417210
17/05/2021,ASTRAZENECA | OXFORD,4729180
17/05/2021,CORONAVAC | BUTANTAN,9427394
18/05/2021,ASTRAZENECA | OXFORD,4930647
18/05/2021,CORONAVAC | BUTANTAN,9479433
19/05/2021,ASTRAZENECA | OXFORD,5163977
19/05/2021,CORONAVAC | BUTANTAN,9535833
20/05/2021,ASTRAZENECA | OXFORD,5194092
20/05/2021,CORONAVAC | BUTANTAN,9544547
21/05/2021,ASTRAZENECA | OXFORD,5438975
21/05/2021,CORONAVAC | BUTANTAN,9594741
22/05/2021,ASTRAZENECA | OXFORD,5601943
22/05/2021,CORONAVAC | BUTANTAN,9629481
23/05/2021,ASTRAZENECA | OXFORD,5625279
23/05/2021,CORONAVAC | BUTANTAN,9632614
24/05/2021,ASTRAZENECA | OXFORD,5795429
24/05/2021,CORONAVAC | BUTANTAN,9657433
25/05/2021,ASTRAZENECA | OXFORD,5915544
25/05/2021,CORONAVAC | BUTANTAN,9686266
26/05/2021,ASTRAZENECA | OXFORD,6103886
26/05/2021,CORONAVAC | BUTANTAN,9712327
27/05/2021,ASTRAZENECA | OXFORD,6276282
27/05/2021,CORONAVAC | BUTANTAN,9733777
29/05/2021,ASTRAZENECA | OXFORD,6711681
29/05/2021,CORONAVAC | BUTANTAN,9774018
30/05/2021,ASTRAZENECA | OXFORD,6736556
30/05/2021,CORONAVAC | BUTANTAN,9776481
31/05/2021,ASTRAZENECA | OXFORD,6805184
31/05/2021,CORONAVAC | BUTANTAN,9782935
01/06/2021,ASTRAZENECA | OXFORD,6985744
01/06/2021,CORONAVAC | BUTANTAN,9801291
02/06/2021,ASTRAZENECA | OXFORD,7224905
02/06/2021,CORONAVAC | BUTANTAN,9823597
03/06/2021,ASTRAZENECA | OXFORD,7428687
03/06/2021,CORONAVAC | BUTANTAN,9839586
04/06/2021,ASTRAZENECA | OXFORD,7459930
04/06/2021,CORONAVAC | BUTANTAN,9842590
05/06/2021,ASTRAZENECA | OXFORD,7682703
05/06/2021,CORONAVAC | BUTANTAN,9866024
06/06/2021,ASTRAZENECA | OXFORD,7717871
06/06/2021,CORONAVAC | BUTANTAN,9871676
07/06/2021,ASTRAZENECA | OXFORD,7792136
07/06/2021,CORONAVAC | BUTANTAN,9876239
08/06/2021,ASTRAZENECA | OXFORD,7960771
08/06/2021,CORONAVAC | BUTANTAN,9889398
09/06/2021,ASTRAZENECA | OXFORD,8132955
09/06/2021,CORONAVAC | BUTANTAN,9904841
10/06/2021,ASTRAZENECA | OXFORD,8327610
10/06/2021,CORONAVAC | BUTANTAN,9927854
11/06/2021,ASTRAZENECA | OXFORD,8561656
11/06/2021,CORONAVAC | BUTANTAN,9955311
12/06/2021,ASTRAZENECA | OXFORD,8719861
12/06/2021,CORONAVAC | BUTANTAN,9968754
13/06/2021,ASTRAZENECA | OXFORD,8815441
13/06/2021,CORONAVAC | BUTANTAN,9974324
14/06/2021,ASTRAZENECA | OXFORD,8903111
14/06/2021,CORONAVAC | BUTANTAN,9980896
15/06/2021,ASTRAZENECA | OXFORD,9078901
15/06/2021,CORONAVAC | BUTANTAN,9995620
16/06/2021,ASTRAZENECA | OXFORD,9359217
16/06/2021,CORONAVAC | BUTANTAN,10015382
17/06/2021,ASTRAZENECA | OXFORD,9359217
17/06/2021,CORONAVAC | BUTANTAN,10015382
18/06/2021,ASTRAZENECA | OXFORD,10202082
18/06/2021,CORONAVAC | BUTANTAN,10070003
22/06/2021,ASTRAZENECA | OXFORD,11396924
22/06/2021,CORONAVAC | BUTANTAN,10283832
23/06/2021,ASTRAZENECA | OXFORD,11667456
23/06/2021,CORONAVAC | BUTANTAN,10409159
24/06/2021,ASTRAZENECA | OXFORD,11919517
24/06/2021,CORONAVAC | BUTANTAN,10584704
25/06/2021,ASTRAZENECA | OXFORD,12238464
25/06/2021,CORONAVAC | BUTANTAN,10691437
26/06/2021,ASTRAZENECA | OXFORD,12588706
26/06/2021,CORONAVAC | BUTANTAN,10801792
28/06/2021,ASTRAZENECA | OXFORD,12827610
28/06/2021,CORONAVAC | BUTANTAN,10865399
29/06/2021,ASTRAZENECA | OXFORD,13086076
29/06/2021,CORONAVAC | BUTANTAN,10919298
30/06/2021,ASTRAZENECA | OXFORD,13557216
30/06/2021,CORONAVAC | BUTANTAN,11030052
01/07/2021,ASTRAZENECA | OXFORD,13923350
01/07/2021,CORONAVAC | BUTANTAN,11081068
02/07/2021,ASTRAZENECA | OXFORD,14239992
02/07/2021,CORONAVAC | BUTANTAN,11182904
03/07/2021,ASTRAZENECA | OXFORD,14511183
03/07/2021,CORONAVAC | BUTANTAN,11220679
04/07/2021,ASTRAZENECA | OXFORD,14552938
04/07/2021,CORONAVAC | BUTANTAN,11233123
05/07/2021,ASTRAZENECA | OXFORD,14866708
05/07/2021,CORONAVAC | BUTANTAN,11262605
06/07/2021,ASTRAZENECA | OXFORD,15102697
06/07/2021,CORONAVAC | BUTANTAN,11284445
07/07/2021,ASTRAZENECA | OXFORD,12521366
07/07/2021,CORONAVAC | BUTANTAN,11295108
07/07/2021,JANSSEN | JOHNSON & JOHNSON,334369
07/07/2021,PFIZER | BIONTECH,2392274
08/07/2021,ASTRAZENECA | OXFORD,12690722
08/07/2021,CORONAVAC | BUTANTAN,11318381
08/07/2021,JANSSEN | JOHNSON & JOHNSON,499580
08/07/2021,PFIZER | BIONTECH,2519749
09/07/2021,ASTRAZENECA | OXFORD,13007515
09/07/2021,CORONAVAC | BUTANTAN,11374911
09/07/2021,JANSSEN | JOHNSON & JOHNSON,701879
09/07/2021,PFIZER | BIONTECH,2759987
10/07/2021,ASTRAZENECA | OXFORD,13060290
10/07/2021,CORONAVAC | BUTANTAN,11382776
10/07/2021,JANSSEN | JOHNSON & JOHNSON,737188
10/07/2021,PFIZER | BIONTECH,2786648
11/07/2021,ASTRAZENECA | OXFORD,13070122
11/07/2021,CORONAVAC | BUTANTAN,11385511
11/07/2021,JANSSEN | JOHNSON & JOHNSON,741061
11/07/2021,PFIZER | BIONTECH,2794730
12/07/2021,ASTRAZENECA | OXFORD,13211047
12/07/2021,CORONAVAC | BUTANTAN,11404802
12/07/2021,JANSSEN | JOHNSON & JOHNSON,775086
12/07/2021,PFIZER | BIONTECH,2844026
13/07/2021,ASTRAZENECA | OXFORD,13407344
13/07/2021,CORONAVAC | BUTANTAN,11449434
13/07/2021,JANSSEN | JOHNSON & JOHNSON,831444
13/07/2021,PFIZER | BIONTECH,2914944
14/07/2021,ASTRAZENECA | OXFORD,13663318
14/07/2021,CORONAVAC | BUTANTAN,11506205
14/07/2021,JANSSEN | JOHNSON & JOHNSON,891515
14/07/2021,PFIZER | BIONTECH,3026664
15/07/2021,ASTRAZENECA | OXFORD,13835435
15/07/2021,CORONAVAC | BUTANTAN,11571536
15/07/2021,JANSSEN | JOHNSON & JOHNSON,930720
15/07/2021,PFIZER | BIONTECH,3235638
16/07/2021,ASTRAZENECA | OXFORD,13995510
16/07/2021,CORONAVAC | BUTANTAN,11773797
16/07/2021,JANSSEN | JOHNSON & JOHNSON,963106
16/07/2021,PFIZER | BIONTECH,3395667
17/07/2021,ASTRAZENECA | OXFORD,13995510
17/07/2021,CORONAVAC | BUTANTAN,11773797
17/07/2021,JANSSEN | JOHNSON & JOHNSON,963106
17/07/2021,PFIZER | BIONTECH,3395667
18/07/2021,ASTRAZENECA | OXFORD,13995510
18/07/2021,CORONAVAC | BUTANTAN,11773797
18/07/2021,JANSSEN | JOHNSON & JOHNSON,963106
18/07/2021,PFIZER | BIONTECH,3395667
20/07/2021,ASTRAZENECA | OXFORD,14323249
20/07/2021,CORONAVAC | BUTANTAN,12706982
20/07/2021,JANSSEN | JOHNSON & JOHNSON,1029272
20/07/2021,PFIZER | BIONTECH,3609741
21/07/2021,ASTRAZENECA | OXFORD,14449633
21/07/2021,CORONAVAC | BUTANTAN,13158501
21/07/2021,JANSSEN | JOHNSON & JOHNSON,1037678
21/07/2021,PFIZER | BIONTECH,3639472
22/07/2021,ASTRAZENECA | OXFORD,14647625
22/07/2021,CORONAVAC | BUTANTAN,13524697
22/07/2021,JANSSEN | JOHNSON & JOHNSON,1044771
22/07/2021,PFIZER | BIONTECH,3676914
23/07/2021,ASTRAZENECA | OXFORD,14887091
23/07/2021,CORONAVAC | BUTANTAN,13816624
23/07/2021,JANSSEN | JOHNSON & JOHNSON,1053605
23/07/2021,PFIZER | BIONTECH,3711855
24/07/2021,ASTRAZENECA | OXFORD,15025635
24/07/2021,CORONAVAC | BUTANTAN,13984386
24/07/2021,JANSSEN | JOHNSON & JOHNSON,1059713
24/07/2021,PFIZER | BIONTECH,3743511
25/07/2021,ASTRAZENECA | OXFORD,15054141
25/07/2021,CORONAVAC | BUTANTAN,14006615
25/07/2021,JANSSEN | JOHNSON & JOHNSON,1060962
25/07/2021,PFIZER | BIONTECH,3747428
26/07/2021,ASTRAZENECA | OXFORD,15247698
26/07/2021,CORONAVAC | BUTANTAN,14184235
26/07/2021,JANSSEN | JOHNSON & JOHNSON,1066790
26/07/2021,PFIZER | BIONTECH,3775368
27/07/2021,ASTRAZENECA | OXFORD,15443138
27/07/2021,CORONAVAC | BUTANTAN,14316936
27/07/2021,JANSSEN | JOHNSON & JOHNSON,1070319
27/07/2021,PFIZER | BIONTECH,3865342
28/07/2021,ASTRAZENECA | OXFORD,15674218
28/07/2021,CORONAVAC | BUTANTAN,14475190
28/07/2021,JANSSEN | JOHNSON & JOHNSON,1076415
28/07/2021,PFIZER | BIONTECH,3902659
29/07/2021,ASTRAZENECA | OXFORD,15902042
29/07/2021,CORONAVAC | BUTANTAN,14624327
29/07/2021,JANSSEN | JOHNSON & JOHNSON,1082509
29/07/2021,PFIZER | BIONTECH,4035956
30/07/2021,ASTRAZENECA | OXFORD,16085960
30/07/2021,CORONAVAC | BUTANTAN,14832796
30/07/2021,JANSSEN | JOHNSON & JOHNSON,1088342
30/07/2021,PFIZER | BIONTECH,4138089
31/07/2021,ASTRAZENECA | OXFORD,16211899
31/07/2021,CORONAVAC | BUTANTAN,14951077
31/07/2021,JANSSEN | JOHNSON & JOHNSON,1091241
31/07/2021,PFIZER | BIONTECH,4203855
01/08/2021,ASTRAZENECA | OXFORD,16223255
01/08/2021,CORONAVAC | BUTANTAN,14967697
01/08/2021,JANSSEN | JOHNSON & JOHNSON,1091698
01/08/2021,PFIZER | BIONTECH,4207225
02/08/2021,ASTRAZENECA | OXFORD,16322966
02/08/2021,CORONAVAC | BUTANTAN,15078583
02/08/2021,JANSSEN | JOHNSON & JOHNSON,1093595
02/08/2021,PFIZER | BIONTECH,4243594
03/08/2021,ASTRAZENECA | OXFORD,16512862
03/08/2021,CORONAVAC | BUTANTAN,15375359
03/08/2021,JANSSEN | JOHNSON & JOHNSON,1098086
03/08/2021,PFIZER | BIONTECH,4324298
04/08/2021,ASTRAZENECA | OXFORD,16611934
04/08/2021,CORONAVAC | BUTANTAN,15491672
04/08/2021,JANSSEN | JOHNSON & JOHNSON,1099270
04/08/2021,PFIZER | BIONTECH,4351676
05/08/2021,ASTRAZENECA | OXFORD,16827416
05/08/2021,CORONAVAC | BUTANTAN,15774120
05/08/2021,JANSSEN | JOHNSON & JOHNSON,1101265
05/08/2021,PFIZER | BIONTECH,4414031
06/08/2021,ASTRAZENECA | OXFORD,17122898
06/08/2021,CORONAVAC | BUTANTAN,16130328
06/08/2021,JANSSEN | JOHNSON & JOHNSON,1104767
06/08/2021,PFIZER | BIONTECH,4624086
07/08/2021,ASTRAZENECA | OXFORD,17251915
07/08/2021,CORONAVAC | BUTANTAN,16242430
07/08/2021,JANSSEN | JOHNSON & JOHNSON,1106990
07/08/2021,PFIZER | BIONTECH,4720934
08/08/2021,ASTRAZENECA | OXFORD,17325468
08/08/2021,CORONAVAC | BUTANTAN,16253122
08/08/2021,JANSSEN | JOHNSON & JOHNSON,1107502
08/08/2021,PFIZER | BIONTECH,4728229
09/08/2021,ASTRAZENECA | OXFORD,17502127
09/08/2021,CORONAVAC | BUTANTAN,16405876
09/08/2021,JANSSEN | JOHNSON & JOHNSON,1110194
09/08/2021,PFIZER | BIONTECH,4830333
10/08/2021,ASTRAZENECA | OXFORD,17624467
10/08/2021,CORONAVAC | BUTANTAN,16602792
10/08/2021,JANSSEN | JOHNSON & JOHNSON,1112310
10/08/2021,PFIZER | BIONTECH,4925439
11/08/2021,ASTRAZENECA | OXFORD,17822457
11/08/2021,CORONAVAC | BUTANTAN,17008942
11/08/2021,JANSSEN | JOHNSON & JOHNSON,1114486
11/08/2021,PFIZER | BIONTECH,5135374
12/08/2021,ASTRAZENECA | OXFORD,17838196
12/08/2021,CORONAVAC | BUTANTAN,17052469
12/08/2021,JANSSEN | JOHNSON & JOHNSON,1114631
12/08/2021,PFIZER | BIONTECH,5156913
13/08/2021,ASTRAZENECA | OXFORD,18193070
13/08/2021,CORONAVAC | BUTANTAN,17531991
13/08/2021,JANSSEN | JOHNSON & JOHNSON,1121301
13/08/2021,PFIZER | BIONTECH,5599951
14/08/2021,ASTRAZENECA | OXFORD,18354352
14/08/2021,CORONAVAC | BUTANTAN,17716161
14/08/2021,JANSSEN | JOHNSON & JOHNSON,1123615
14/08/2021,PFIZER | BIONTECH,5932088
15/08/2021,ASTRAZENECA | OXFORD,18386446
15/08/2021,CORONAVAC | BUTANTAN,17782056
15/08/2021,JANSSEN | JOHNSON & JOHNSON,1125450
15/08/2021,PFIZER | BIONTECH,6162421
16/08/2021,ASTRAZENECA | OXFORD,18548374
16/08/2021,CORONAVAC | BUTANTAN,18102370
16/08/2021,JANSSEN | JOHNSON & JOHNSON,1126956
16/08/2021,PFIZER | BIONTECH,6276469
17/08/2021,ASTRAZENECA | OXFORD,18776677
17/08/2021,CORONAVAC | BUTANTAN,18469478
17/08/2021,JANSSEN | JOHNSON & JOHNSON,1128879
17/08/2021,PFIZER | BIONTECH,6409456
18/08/2021,ASTRAZENECA | OXFORD,18998466
18/08/2021,CORONAVAC | BUTANTAN,18826622
18/08/2021,JANSSEN | JOHNSON & JOHNSON,1131547
18/08/2021,PFIZER | BIONTECH,6523700
19/08/2021,ASTRAZENECA | OXFORD,19185185
19/08/2021,CORONAVAC | BUTANTAN,19130843
19/08/2021,JANSSEN | JOHNSON & JOHNSON,1133627
19/08/2021,PFIZER | BIONTECH,6640852
20/08/2021,ASTRAZENECA | OXFORD,19425973
20/08/2021,CORONAVAC | BUTANTAN,19397467
20/08/2021,JANSSEN | JOHNSON & JOHNSON,1135415
20/08/2021,PFIZER | BIONTECH,6733736
21/08/2021,ASTRAZENECA | OXFORD,19603058
21/08/2021,CORONAVAC | BUTANTAN,19609229
21/08/2021,JANSSEN | JOHNSON & JOHNSON,1136550
21/08/2021,PFIZER | BIONTECH,6796030
22/08/2021,ASTRAZENECA | OXFORD,19704519
22/08/2021,CORONAVAC | BUTANTAN,19700076
22/08/2021,JANSSEN | JOHNSON & JOHNSON,1136937
22/08/2021,PFIZER | BIONTECH,6806013
23/08/2021,ASTRAZENECA | OXFORD,19945453
23/08/2021,CORONAVAC | BUTANTAN,19972401
23/08/2021,JANSSEN | JOHNSON & JOHNSON,1137946
23/08/2021,PFIZER | BIONTECH,6866651
24/08/2021,ASTRAZENECA | OXFORD,20100174
24/08/2021,CORONAVAC | BUTANTAN,20177600
24/08/2021,JANSSEN | JOHNSON & JOHNSON,1139214
24/08/2021,PFIZER | BIONTECH,6933832
25/08/2021,ASTRAZENECA | OXFORD,20288952
25/08/2021,CORONAVAC | BUTANTAN,20346473
25/08/2021,JANSSEN | JOHNSON & JOHNSON,1139915
25/08/2021,PFIZER | BIONTECH,7040126
26/08/2021,ASTRAZENECA | OXFORD,20444018
26/08/2021,CORONAVAC | BUTANTAN,20506784
26/08/2021,JANSSEN | JOHNSON & JOHNSON,1141327
26/08/2021,PFIZER | BIONTECH,7127106
27/08/2021,ASTRAZENECA | OXFORD,20203348
27/08/2021,CORONAVAC | BUTANTAN,20477152
27/08/2021,JANSSEN | JOHNSON & JOHNSON,1143375
27/08/2021,PFIZER | BIONTECH,7208033
28/08/2021,ASTRAZENECA | OXFORD,20303223
28/08/2021,CORONAVAC | BUTANTAN,20589177
28/08/2021,JANSSEN | JOHNSON & JOHNSON,1144429
28/08/2021,PFIZER | BIONTECH,7268234
29/08/2021,ASTRAZENECA | OXFORD,20312651
29/08/2021,CORONAVAC | BUTANTAN,20607193
29/08/2021,JANSSEN | JOHNSON & JOHNSON,1144493
29/08/2021,PFIZER | BIONTECH,7285172
30/08/2021,ASTRAZENECA | OXFORD,20440578
30/08/2021,CORONAVAC | BUTANTAN,20765180
30/08/2021,JANSSEN | JOHNSON & JOHNSON,1145303
30/08/2021,PFIZER | BIONTECH,7509357
31/08/2021,ASTRAZENECA | OXFORD,20585221
31/08/2021,CORONAVAC | BUTANTAN,20946988
31/08/2021,JANSSEN | JOHNSON & JOHNSON,1146074
31/08/2021,PFIZER | BIONTECH,7805540
01/09/2021,ASTRAZENECA | OXFORD,20682769
01/09/2021,CORONAVAC | BUTANTAN,21084091
01/09/2021,JANSSEN | JOHNSON & JOHNSON,1146485
01/09/2021,PFIZER | BIONTECH,8005486
02/09/2021,ASTRAZENECA | OXFORD,20889007
02/09/2021,CORONAVAC | BUTANTAN,21399676
02/09/2021,JANSSEN | JOHNSON & JOHNSON,1147383
02/09/2021,PFIZER | BIONTECH,8330961
03/09/2021,ASTRAZENECA | OXFORD,21076269
03/09/2021,CORONAVAC | BUTANTAN,21585916
03/09/2021,JANSSEN | JOHNSON & JOHNSON,1147765
03/09/2021,PFIZER | BIONTECH,8559930
04/09/2021,ASTRAZENECA | OXFORD,21172571
04/09/2021,CORONAVAC | BUTANTAN,21653110
04/09/2021,JANSSEN | JOHNSON & JOHNSON,1148068
04/09/2021,PFIZER | BIONTECH,8667977
05/09/2021,ASTRAZENECA | OXFORD,21186003
05/09/2021,CORONAVAC | BUTANTAN,21658876
05/09/2021,JANSSEN | JOHNSON & JOHNSON,1148082
05/09/2021,PFIZER | BIONTECH,8679087
06/09/2021,ASTRAZENECA | OXFORD,21240596
06/09/2021,CORONAVAC | BUTANTAN,21712460
06/09/2021,JANSSEN | JOHNSON & JOHNSON,1148172
06/09/2021,PFIZER | BIONTECH,8821824
07/09/2021,ASTRAZENECA | OXFORD,21295040
07/09/2021,CORONAVAC | BUTANTAN,21767949
07/09/2021,JANSSEN | JOHNSON & JOHNSON,1148233
07/09/2021,PFIZER | BIONTECH,8935876
08/09/2021,ASTRAZENECA | OXFORD,21471927
08/09/2021,CORONAVAC | BUTANTAN,21909377
08/09/2021,JANSSEN | JOHNSON & JOHNSON,1148539
08/09/2021,PFIZER | BIONTECH,9068880
09/09/2021,ASTRAZENECA | OXFORD,21799100
09/09/2021,CORONAVAC | BUTANTAN,22274445
09/09/2021,JANSSEN | JOHNSON & JOHNSON,1149258
09/09/2021,PFIZER | BIONTECH,9402570
10/09/2021,ASTRAZENECA | OXFORD,21986666
10/09/2021,CORONAVAC | BUTANTAN,22436477
10/09/2021,JANSSEN | JOHNSON & JOHNSON,1150049
10/09/2021,PFIZER | BIONTECH,9543145
11/09/2021,ASTRAZENECA | OXFORD,22045398
11/09/2021,CORONAVAC | BUTANTAN,22492568
11/09/2021,JANSSEN | JOHNSON & JOHNSON,1150199
11/09/2021,PFIZER | BIONTECH,9605642
12/09/2021,ASTRAZENECA | OXFORD,22045398
12/09/2021,CORONAVAC | BUTANTAN,22492568
12/09/2021,JANSSEN | JOHNSON & JOHNSON,1150199
12/09/2021,PFIZER | BIONTECH,9605642
13/09/2021,ASTRAZENECA | OXFORD,22420228
13/09/2021,CORONAVAC | BUTANTAN,22771242
13/09/2021,JANSSEN | JOHNSON & JOHNSON,1150672
13/09/2021,PFIZER | BIONTECH,9950049
14/09/2021,ASTRAZENECA | OXFORD,22568623
14/09/2021,CORONAVAC | BUTANTAN,22934136
14/09/2021,JANSSEN | JOHNSON & JOHNSON,1151306
14/09/2021,PFIZER | BIONTECH,10274015
15/09/2021,ASTRAZENECA | OXFORD,22568623
15/09/2021,CORONAVAC | BUTANTAN,22934136
15/09/2021,JANSSEN | JOHNSON & JOHNSON,1151306
15/09/2021,PFIZER | BIONTECH,10274015
16/09/2021,ASTRAZENECA | OXFORD,22568623
16/09/2021,CORONAVAC | BUTANTAN,22934136
16/09/2021,JANSSEN | JOHNSON & JOHNSON,1151306
16/09/2021,PFIZER | BIONTECH,10274015
17/09/2021,ASTRAZENECA | OXFORD,22568623
17/09/2021,CORONAVAC | BUTANTAN,22934136
17/09/2021,JANSSEN | JOHNSON & JOHNSON,1151306
17/09/2021,PFIZER | BIONTECH,10274015
18/09/2021,ASTRAZENECA | OXFORD,22568623
18/09/2021,CORONAVAC | BUTANTAN,22934136
18/09/2021,JANSSEN | JOHNSON & JOHNSON,1151306
18/09/2021,PFIZER | BIONTECH,10274015
19/09/2021,ASTRAZENECA | OXFORD,22568623
19/09/2021,CORONAVAC | BUTANTAN,22934136
19/09/2021,JANSSEN | JOHNSON & JOHNSON,1151306
19/09/2021,PFIZER | BIONTECH,10274015
20/09/2021,ASTRAZENECA | OXFORD,22568623
20/09/2021,CORONAVAC | BUTANTAN,22934136
20/09/2021,JANSSEN | JOHNSON & JOHNSON,1151306
20/09/2021,PFIZER | BIONTECH,10274015
21/09/2021,ASTRAZENECA | OXFORD,23681283
21/09/2021,CORONAVAC | BUTANTAN,23600409
21/09/2021,JANSSEN | JOHNSON & JOHNSON,1153544
21/09/2021,PFIZER | BIONTECH,11726846
22/09/2021,ASTRAZENECA | OXFORD,23815340
22/09/2021,CORONAVAC | BUTANTAN,23680898
22/09/2021,JANSSEN | JOHNSON & JOHNSON,1153826
22/09/2021,PFIZER | BIONTECH,11952180
23/09/2021,ASTRAZENECA | OXFORD,24005702
23/09/2021,CORONAVAC | BUTANTAN,23755055
23/09/2021,JANSSEN | JOHNSON & JOHNSON,1154127
23/09/2021,PFIZER | BIONTECH,12120084
24/09/2021,ASTRAZENECA | OXFORD,24168172
24/09/2021,CORONAVAC | BUTANTAN,23836086
24/09/2021,JANSSEN | JOHNSON & JOHNSON,1154398
24/09/2021,PFIZER | BIONTECH,12326723
25/09/2021,ASTRAZENECA | OXFORD,24237317
25/09/2021,CORONAVAC | BUTANTAN,23874660
25/09/2021,JANSSEN | JOHNSON & JOHNSON,1154863
25/09/2021,PFIZER | BIONTECH,12456297
26/09/2021,ASTRAZENECA | OXFORD,24248650
26/09/2021,CORONAVAC | BUTANTAN,23880551
26/09/2021,JANSSEN | JOHNSON & JOHNSON,1154926
26/09/2021,PFIZER | BIONTECH,12476058
27/09/2021,ASTRAZENECA | OXFORD,24351484
27/09/2021,CORONAVAC | BUTANTAN,23950125
27/09/2021,JANSSEN | JOHNSON & JOHNSON,1155272
27/09/2021,PFIZER | BIONTECH,12717203
28/09/2021,ASTRAZENECA | OXFORD,24438181
28/09/2021,CORONAVAC | BUTANTAN,24022097
28/09/2021,JANSSEN | JOHNSON & JOHNSON,1155462
28/09/2021,PFIZER | BIONTECH,12989110
29/09/2021,ASTRAZENECA | OXFORD,24515110
29/09/2021,CORONAVAC | BUTANTAN,24087793
29/09/2021,JANSSEN | JOHNSON & JOHNSON,1156287
29/09/2021,PFIZER | BIONTECH,13254198
30/09/2021,ASTRAZENECA | OXFORD,24627636
30/09/2021,CORONAVAC | BUTANTAN,24153901
30/09/2021,JANSSEN | JOHNSON & JOHNSON,1156438
30/09/2021,PFIZER | BIONTECH,13470765
01/10/2021,ASTRAZENECA | OXFORD,24728434
01/10/2021,CORONAVAC | BUTANTAN,24204124
01/10/2021,JANSSEN | JOHNSON & JOHNSON,1156828
01/10/2021,PFIZER | BIONTECH,13671363
02/10/2021,ASTRAZENECA | OXFORD,24820544
02/10/2021,CORONAVAC | BUTANTAN,24270623
02/10/2021,JANSSEN | JOHNSON & JOHNSON,1157041
02/10/2021,PFIZER | BIONTECH,13880026
03/10/2021,ASTRAZENECA | OXFORD,24829634
03/10/2021,CORONAVAC | BUTANTAN,24279665
03/10/2021,JANSSEN | JOHNSON & JOHNSON,1157320
03/10/2021,PFIZER | BIONTECH,13893204
04/10/2021,ASTRAZENECA | OXFORD,24894024
04/10/2021,CORONAVAC | BUTANTAN,24333294
04/10/2021,JANSSEN | JOHNSON & JOHNSON,1157801
04/10/2021,PFIZER | BIONTECH,14146303
05/10/2021,ASTRAZENECA | OXFORD,24956879
05/10/2021,CORONAVAC | BUTANTAN,24394564
05/10/2021,JANSSEN | JOHNSON & JOHNSON,1158369
05/10/2021,PFIZER | BIONTECH,14423892
06/10/2021,ASTRAZENECA | OXFORD,25033680
06/10/2021,CORONAVAC | BUTANTAN,24453507
06/10/2021,JANSSEN | JOHNSON & JOHNSON,1159028
06/10/2021,PFIZER | BIONTECH,14692655
07/10/2021,ASTRAZENECA | OXFORD,25113710
07/10/2021,CORONAVAC | BUTANTAN,24503518
07/10/2021,JANSSEN | JOHNSON & JOHNSON,1159549
07/10/2021,PFIZER | BIONTECH,14962644
08/10/2021,ASTRAZENECA | OXFORD,25182412
08/10/2021,CORONAVAC | BUTANTAN,24557249
08/10/2021,JANSSEN | JOHNSON & JOHNSON,1160243
08/10/2021,PFIZER | BIONTECH,15228193
09/10/2021,ASTRAZENECA | OXFORD,25212775
09/10/2021,CORONAVAC | BUTANTAN,24578508
09/10/2021,JANSSEN | JOHNSON & JOHNSON,1161070
09/10/2021,PFIZER | BIONTECH,15359448
10/10/2021,ASTRAZENECA | OXFORD,25219424
10/10/2021,CORONAVAC | BUTANTAN,24585187
10/10/2021,JANSSEN | JOHNSON & JOHNSON,1161663
10/10/2021,PFIZER | BIONTECH,15379768
11/10/2021,ASTRAZENECA | OXFORD,25233666
11/10/2021,CORONAVAC | BUTANTAN,24592690
11/10/2021,JANSSEN | JOHNSON & JOHNSON,1161674
11/10/2021,PFIZER | BIONTECH,15440941
12/10/2021,ASTRAZENECA | OXFORD,25245354
12/10/2021,CORONAVAC | BUTANTAN,24599859
12/10/2021,JANSSEN | JOHNSON & JOHNSON,1161716
12/10/2021,PFIZER | BIONTECH,15470996
13/10/2021,ASTRAZENECA | OXFORD,25310767
13/10/2021,CORONAVAC | BUTANTAN,24654816
13/10/2021,JANSSEN | JOHNSON & JOHNSON,1162465
13/10/2021,PFIZER | BIONTECH,15716956
14/10/2021,ASTRAZENECA | OXFORD,25393864
14/10/2021,CORONAVAC | BUTANTAN,24710059
14/10/2021,JANSSEN | JOHNSON & JOHNSON,1163559
14/10/2021,PFIZER | BIONTECH,15964126
15/10/2021,ASTRAZENECA | OXFORD,25494678
15/10/2021,CORONAVAC | BUTANTAN,24774609
15/10/2021,JANSSEN | JOHNSON & JOHNSON,1164476
15/10/2021,PFIZER | BIONTECH,16208247
16/10/2021,ASTRAZENECA | OXFORD,25571491
16/10/2021,CORONAVAC | BUTANTAN,24818792
16/10/2021,JANSSEN | JOHNSON & JOHNSON,1164819
16/10/2021,PFIZER | BIONTECH,16434888
17/10/2021,ASTRAZENECA | OXFORD,25578747
17/10/2021,CORONAVAC | BUTANTAN,24823828
17/10/2021,JANSSEN | JOHNSON & JOHNSON,1165246
17/10/2021,PFIZER | BIONTECH,16460580
18/10/2021,ASTRAZENECA | OXFORD,25655797
18/10/2021,CORONAVAC | BUTANTAN,24867309
18/10/2021,JANSSEN | JOHNSON & JOHNSON,1165504
18/10/2021,PFIZER | BIONTECH,16667194
19/10/2021,ASTRAZENECA | OXFORD,25727899
19/10/2021,CORONAVAC | BUTANTAN,24910543
19/10/2021,JANSSEN | JOHNSON & JOHNSON,1166140
19/10/2021,PFIZER | BIONTECH,16932015
20/10/2021,ASTRAZENECA | OXFORD,25779703
20/10/2021,CORONAVAC | BUTANTAN,24951787
20/10/2021,JANSSEN | JOHNSON & JOHNSON,1166483
20/10/2021,PFIZER | BIONTECH,17172953
21/10/2021,ASTRAZENECA | OXFORD,25822832
21/10/2021,CORONAVAC | BUTANTAN,24993551
21/10/2021,JANSSEN | JOHNSON & JOHNSON,1166684
21/10/2021,PFIZER | BIONTECH,17397007
22/10/2021,ASTRAZENECA | OXFORD,25861489
22/10/2021,CORONAVAC | BUTANTAN,25043032
22/10/2021,JANSSEN | JOHNSON & JOHNSON,1166877
22/10/2021,PFIZER | BIONTECH,17637689
23/10/2021,ASTRAZENECA | OXFORD,25882154
23/10/2021,CORONAVAC | BUTANTAN,25067647
23/10/2021,JANSSEN | JOHNSON & JOHNSON,1169146
23/10/2021,PFIZER | BIONTECH,17760317
24/10/2021,ASTRAZENECA | OXFORD,25882154
24/10/2021,CORONAVAC | BUTANTAN,25067647
24/10/2021,JANSSEN | JOHNSON & JOHNSON,1169146
24/10/2021,PFIZER | BIONTECH,17760317
25/10/2021,ASTRAZENECA | OXFORD,25914696
25/10/2021,CORONAVAC | BUTANTAN,25113726
25/10/2021,JANSSEN | JOHNSON & JOHNSON,1169322
25/10/2021,PFIZER | BIONTECH,18020652
26/10/2021,ASTRAZENECA | OXFORD,25952119
26/10/2021,CORONAVAC | BUTANTAN,25150804
26/10/2021,JANSSEN | JOHNSON & JOHNSON,1169662
26/10/2021,PFIZER | BIONTECH,18300617
27/10/2021,ASTRAZENECA | OXFORD,25995725
27/10/2021,CORONAVAC | BUTANTAN,25195674
27/10/2021,JANSSEN | JOHNSON & JOHNSON,1169953
27/10/2021,PFIZER | BIONTECH,18578980
28/10/2021,ASTRAZENECA | OXFORD,26033226
28/10/2021,CORONAVAC | BUTANTAN,25235631
28/10/2021,JANSSEN | JOHNSON & JOHNSON,1170089
28/10/2021,PFIZER | BIONTECH,18820497
29/10/2021,ASTRAZENECA | OXFORD,26062496
29/10/2021,CORONAVAC | BUTANTAN,25266367
29/10/2021,JANSSEN | JOHNSON & JOHNSON,1170233
29/10/2021,PFIZER | BIONTECH,18977114
30/10/2021,ASTRAZENECA | OXFORD,26080474
30/10/2021,CORONAVAC | BUTANTAN,25280589
30/10/2021,JANSSEN | JOHNSON & JOHNSON,1170710
30/10/2021,PFIZER | BIONTECH,19055449
31/10/2021,ASTRAZENECA | OXFORD,26085516
31/10/2021,CORONAVAC | BUTANTAN,25282486
31/10/2021,JANSSEN | JOHNSON & JOHNSON,1170825
31/10/2021,PFIZER | BIONTECH,19065598
01/11/2021,ASTRAZENECA | OXFORD,26092587
01/11/2021,CORONAVAC | BUTANTAN,25285616
01/11/2021,JANSSEN | JOHNSON & JOHNSON,1170830
01/11/2021,PFIZER | BIONTECH,19107291
02/11/2021,ASTRAZENECA | OXFORD,26100106
02/11/2021,CORONAVAC | BUTANTAN,25290880
02/11/2021,JANSSEN | JOHNSON & JOHNSON,1170832
02/11/2021,PFIZER | BIONTECH,19137473
03/11/2021,ASTRAZENECA | OXFORD,26138953
03/11/2021,CORONAVAC | BUTANTAN,25323016
03/11/2021,JANSSEN | JOHNSON & JOHNSON,1171018
03/11/2021,PFIZER | BIONTECH,19382928
04/11/2021,ASTRAZENECA | OXFORD,26184419
04/11/2021,CORONAVAC | BUTANTAN,25360411
04/11/2021,JANSSEN | JOHNSON & JOHNSON,1171077
04/11/2021,PFIZER | BIONTECH,19646289
05/11/2021,ASTRAZENECA | OXFORD,26225317
05/11/2021,CORONAVAC | BUTANTAN,25392514
05/11/2021,JANSSEN | JOHNSON & JOHNSON,1171214
05/11/2021,PFIZER | BIONTECH,19932466
06/11/2021,ASTRAZENECA | OXFORD,26243281
06/11/2021,CORONAVAC | BUTANTAN,25408440
06/11/2021,JANSSEN | JOHNSON & JOHNSON,1171231
06/11/2021,PFIZER | BIONTECH,20063223
07/11/2021,ASTRAZENECA | OXFORD,26245017
07/11/2021,CORONAVAC | BUTANTAN,25410918
07/11/2021,JANSSEN | JOHNSON & JOHNSON,1171261
07/11/2021,PFIZER | BIONTECH,20077658
08/11/2021,ASTRAZENECA | OXFORD,26282478
08/11/2021,CORONAVAC | BUTANTAN,25433652
08/11/2021,JANSSEN | JOHNSON & JOHNSON,1171307
08/11/2021,PFIZER | BIONTECH,20306560
09/11/2021,ASTRAZENECA | OXFORD,26326237
09/11/2021,CORONAVAC | BUTANTAN,25456785
09/11/2021,JANSSEN | JOHNSON & JOHNSON,1171423
09/11/2021,PFIZER | BIONTECH,20536779
10/11/2021,ASTRAZENECA | OXFORD,26369318
10/11/2021,CORONAVAC | BUTANTAN,25480526
10/11/2021,JANSSEN | JOHNSON & JOHNSON,1171469
10/11/2021,PFIZER | BIONTECH,20743012
11/11/2021,ASTRAZENECA | OXFORD,26407977
11/11/2021,CORONAVAC | BUTANTAN,25507234
11/11/2021,JANSSEN | JOHNSON & JOHNSON,1171686
11/11/2021,PFIZER | BIONTECH,20931136
12/11/2021,ASTRAZENECA | OXFORD,26445734
12/11/2021,CORONAVAC | BUTANTAN,25532224
12/11/2021,JANSSEN | JOHNSON & JOHNSON,1171792
12/11/2021,PFIZER | BIONTECH,21123315
13/11/2021,ASTRAZENECA | OXFORD,26463655
13/11/2021,CORONAVAC | BUTANTAN,25543805
13/11/2021,JANSSEN | JOHNSON & JOHNSON,1172140
13/11/2021,PFIZER | BIONTECH,21227614
14/11/2021,ASTRAZENECA | OXFORD,26466842
14/11/2021,CORONAVAC | BUTANTAN,25547199
14/11/2021,JANSSEN | JOHNSON & JOHNSON,1172140
14/11/2021,PFIZER | BIONTECH,21245678
15/11/2021,ASTRAZENECA | OXFORD,26469871
15/11/2021,CORONAVAC | BUTANTAN,25549384
15/11/2021,JANSSEN | JOHNSON & JOHNSON,1172143
15/11/2021,PFIZER | BIONTECH,21267431
16/11/2021,ASTRAZENECA | OXFORD,26504063
16/11/2021,CORONAVAC | BUTANTAN,25575802
16/11/2021,JANSSEN | JOHNSON & JOHNSON,1172198
16/11/2021,PFIZER | BIONTECH,21443090
17/11/2021,ASTRAZENECA | OXFORD,26540718
17/11/2021,CORONAVAC | BUTANTAN,25604037
17/11/2021,JANSSEN | JOHNSON & JOHNSON,1172259
17/11/2021,PFIZER | BIONTECH,21645843
18/11/2021,ASTRAZENECA | OXFORD,26573025
18/11/2021,CORONAVAC | BUTANTAN,25630710
18/11/2021,JANSSEN | JOHNSON & JOHNSON,1172323
18/11/2021,PFIZER | BIONTECH,21840709
19/11/2021,ASTRAZENECA | OXFORD,26601985
19/11/2021,CORONAVAC | BUTANTAN,25659701
19/11/2021,JANSSEN | JOHNSON & JOHNSON,1172407
19/11/2021,PFIZER | BIONTECH,22035710
20/11/2021,ASTRAZENECA | OXFORD,26604046
20/11/2021,CORONAVAC | BUTANTAN,25661534
20/11/2021,JANSSEN | JOHNSON & JOHNSON,1172413
20/11/2021,PFIZER | BIONTECH,22047682
21/11/2021,ASTRAZENECA | OXFORD,22577405
21/11/2021,CORONAVAC | BUTANTAN,22589231
21/11/2021,JANSSEN | JOHNSON & JOHNSON,1172336
21/11/2021,PFIZER | BIONTECH,19535743
22/11/2021,ASTRAZENECA | OXFORD,23080791
22/11/2021,CORONAVAC | BUTANTAN,22973391
22/11/2021,JANSSEN | JOHNSON & JOHNSON,1172343
22/11/2021,PFIZER | BIONTECH,19860271
23/11/2021,ASTRAZENECA | OXFORD,20396563
23/11/2021,CORONAVAC | BUTANTAN,20932177
23/11/2021,JANSSEN | JOHNSON & JOHNSON,1172265
23/11/2021,PFIZER | BIONTECH,18193080
24/11/2021,ASTRAZENECA | OXFORD,17288901
24/11/2021,CORONAVAC | BUTANTAN,18556402
24/11/2021,JANSSEN | JOHNSON & JOHNSON,1171963
24/11/2021,PFIZER | BIONTECH,16092833
25/11/2021,ASTRAZENECA | OXFORD,26716272
25/11/2021,CORONAVAC | BUTANTAN,25778859
25/11/2021,JANSSEN | JOHNSON & JOHNSON,1172817
25/11/2021,PFIZER | BIONTECH,22985386
26/11/2021,ASTRAZENECA | OXFORD,26735049
26/11/2021,CORONAVAC | BUTANTAN,25802870
26/11/2021,JANSSEN | JOHNSON & JOHNSON,1172973
26/11/2021,PFIZER | BIONTECH,23171633
27/11/2021,ASTRAZENECA | OXFORD,26743672
27/11/2021,CORONAVAC | BUTANTAN,25812512
27/11/2021,JANSSEN | JOHNSON & JOHNSON,1173261
27/11/2021,PFIZER | BIONTECH,23259777
28/11/2021,ASTRAZENECA | OXFORD,26744478
28/11/2021,CORONAVAC | BUTANTAN,25815093
28/11/2021,JANSSEN | JOHNSON & JOHNSON,1173271
28/11/2021,PFIZER | BIONTECH,23267787
29/11/2021,ASTRAZENECA | OXFORD,26764482
29/11/2021,CORONAVAC | BUTANTAN,25839115
29/11/2021,JANSSEN | JOHNSON & JOHNSON,1173452
29/11/2021,PFIZER | BIONTECH,23430417
30/11/2021,ASTRAZENECA | OXFORD,26786346
30/11/2021,CORONAVAC | BUTANTAN,25865061
30/11/2021,JANSSEN | JOHNSON & JOHNSON,1173822
30/11/2021,PFIZER | BIONTECH,23614418
01/12/2021,ASTRAZENECA | OXFORD,26808904
01/12/2021,CORONAVAC | BUTANTAN,25893384
01/12/2021,JANSSEN | JOHNSON & JOHNSON,1174416
01/12/2021,PFIZER | BIONTECH,23795611
02/12/2021,ASTRAZENECA | OXFORD,26829810
02/12/2021,CORONAVAC | BUTANTAN,25920399
02/12/2021,JANSSEN | JOHNSON & JOHNSON,1175000
02/12/2021,PFIZER | BIONTECH,23990942
03/12/2021,ASTRAZENECA | OXFORD,26853674
03/12/2021,CORONAVAC | BUTANTAN,25959392
03/12/2021,JANSSEN | JOHNSON & JOHNSON,1175645
03/12/2021,PFIZER | BIONTECH,24297608
04/12/2021,ASTRAZENECA | OXFORD,26855271
04/12/2021,CORONAVAC | BUTANTAN,25960991
04/12/2021,JANSSEN | JOHNSON & JOHNSON,1175693
04/12/2021,PFIZER | BIONTECH,24318512
05/12/2021,ASTRAZENECA | OXFORD,26866045
05/12/2021,CORONAVAC | BUTANTAN,25979222
05/12/2021,JANSSEN | JOHNSON & JOHNSON,1175934
05/12/2021,PFIZER | BIONTECH,24479842
06/12/2021,ASTRAZENECA | OXFORD,26897889
06/12/2021,CORONAVAC | BUTANTAN,26037735
06/12/2021,JANSSEN | JOHNSON & JOHNSON,1176536
06/12/2021,PFIZER | BIONTECH,24759099
07/12/2021,ASTRAZENECA | OXFORD,26935485
07/12/2021,CORONAVAC | BUTANTAN,26097392
07/12/2021,JANSSEN | JOHNSON & JOHNSON,1176941
07/12/2021,PFIZER | BIONTECH,25013167
08/12/2021,ASTRAZENECA | OXFORD,26964960
08/12/2021,CORONAVAC | BUTANTAN,26143885
08/12/2021,JANSSEN | JOHNSON & JOHNSON,1177338
08/12/2021,PFIZER | BIONTECH,25253383
09/12/2021,ASTRAZENECA | OXFORD,26993590
09/12/2021,CORONAVAC | BUTANTAN,26184685
09/12/2021,JANSSEN | JOHNSON & JOHNSON,1177773
09/12/2021,PFIZER | BIONTECH,25558468
10/12/2021,ASTRAZENECA | OXFORD,27017606
10/12/2021,CORONAVAC | BUTANTAN,26223426
10/12/2021,JANSSEN | JOHNSON & JOHNSON,1180680
10/12/2021,PFIZER | BIONTECH,25850857
11/12/2021,ASTRAZENECA | OXFORD,27025510
11/12/2021,CORONAVAC | BUTANTAN,26235461
11/12/2021,JANSSEN | JOHNSON & JOHNSON,1190043
11/12/2021,PFIZER | BIONTECH,25990875
12/12/2021,ASTRAZENECA | OXFORD,27027175
12/12/2021,CORONAVAC | BUTANTAN,26236488
12/12/2021,JANSSEN | JOHNSON & JOHNSON,1190771
12/12/2021,PFIZER | BIONTECH,26051271
13/12/2021,ASTRAZENECA | OXFORD,27048549
13/12/2021,CORONAVAC | BUTANTAN,26273127
13/12/2021,JANSSEN | JOHNSON & JOHNSON,1204288
13/12/2021,PFIZER | BIONTECH,26332227
14/12/2021,ASTRAZENECA | OXFORD,27058684
14/12/2021,CORONAVAC | BUTANTAN,26288422
14/12/2021,JANSSEN | JOHNSON & JOHNSON,1212343
14/12/2021,PFIZER | BIONTECH,26457508
15/12/2021,ASTRAZENECA | OXFORD,27096712
15/12/2021,CORONAVAC | BUTANTAN,26337607
15/12/2021,JANSSEN | JOHNSON & JOHNSON,1237335
15/12/2021,PFIZER | BIONTECH,26830168
16/12/2021,ASTRAZENECA | OXFORD,27106254
16/12/2021,CORONAVAC | BUTANTAN,26347963
16/12/2021,JANSSEN | JOHNSON & JOHNSON,1246744
16/12/2021,PFIZER | BIONTECH,26938245
17/12/2021,ASTRAZENECA | OXFORD,27126497
17/12/2021,CORONAVAC | BUTANTAN,26372548
17/12/2021,JANSSEN | JOHNSON & JOHNSON,1264950
17/12/2021,PFIZER | BIONTECH,27187643
18/12/2021,ASTRAZENECA | OXFORD,27136546
18/12/2021,CORONAVAC | BUTANTAN,26386712
18/12/2021,JANSSEN | JOHNSON & JOHNSON,1273401
18/12/2021,PFIZER | BIONTECH,27317355
19/12/2021,ASTRAZENECA | OXFORD,27136546
19/12/2021,CORONAVAC | BUTANTAN,26386712
19/12/2021,JANSSEN | JOHNSON & JOHNSON,1273401
19/12/2021,PFIZER | BIONTECH,27317355
20/12/2021,ASTRAZENECA | OXFORD,27151956
20/12/2021,CORONAVAC | BUTANTAN,26404185
20/12/2021,JANSSEN | JOHNSON & JOHNSON,1286967
20/12/2021,PFIZER | BIONTECH,27531307
21/12/2021,ASTRAZENECA | OXFORD,27183666
21/12/2021,CORONAVAC | BUTANTAN,26446149
21/12/2021,JANSSEN | JOHNSON & JOHNSON,1312641
21/12/2021,PFIZER | BIONTECH,27925970
22/12/2021,ASTRAZENECA | OXFORD,27198614
22/12/2021,CORONAVAC | BUTANTAN,26463721
22/12/2021,JANSSEN | JOHNSON & JOHNSON,1325127
22/12/2021,PFIZER | BIONTECH,28073094
23/12/2021,ASTRAZENECA | OXFORD,27213572
23/12/2021,CORONAVAC | BUTANTAN,26481942
23/12/2021,JANSSEN | JOHNSON & JOHNSON,1335885
23/12/2021,PFIZER | BIONTECH,28246152
24/12/2021,ASTRAZENECA | OXFORD,27217822
24/12/2021,CORONAVAC | BUTANTAN,26487919
24/12/2021,JANSSEN | JOHNSON & JOHNSON,1339916
24/12/2021,PFIZER | BIONTECH,28308627
25/12/2021,ASTRAZENECA | OXFORD,27218202
25/12/2021,CORONAVAC | BUTANTAN,26488272
25/12/2021,JANSSEN | JOHNSON & JOHNSON,1340337
25/12/2021,PFIZER | BIONTECH,28313048
26/12/2021,ASTRAZENECA | OXFORD,27218323
26/12/2021,CORONAVAC | BUTANTAN,26488355
26/12/2021,JANSSEN | JOHNSON & JOHNSON,1340416
26/12/2021,PFIZER | BIONTECH,28315597
27/12/2021,ASTRAZENECA | OXFORD,27227557
27/12/2021,CORONAVAC | BUTANTAN,26500752
27/12/2021,JANSSEN | JOHNSON & JOHNSON,1346500
27/12/2021,PFIZER | BIONTECH,28453973
28/12/2021,ASTRAZENECA | OXFORD,27243820
28/12/2021,CORONAVAC | BUTANTAN,26519554
28/12/2021,JANSSEN | JOHNSON & JOHNSON,1357038
28/12/2021,PFIZER | BIONTECH,28664776
29/12/2021,ASTRAZENECA | OXFORD,27258784
29/12/2021,CORONAVAC | BUTANTAN,26535372
29/12/2021,JANSSEN | JOHNSON & JOHNSON,1368803
29/12/2021,PFIZER | BIONTECH,28851167
30/12/2021,ASTRAZENECA | OXFORD,27271704
30/12/2021,CORONAVAC | BUTANTAN,26548938
30/12/2021,JANSSEN | JOHNSON & JOHNSON,1377814
30/12/2021,PFIZER | BIONTECH,29011054
31/12/2021,ASTRAZENECA | OXFORD,27276156
31/12/2021,CORONAVAC | BUTANTAN,26553189
31/12/2021,JANSSEN | JOHNSON & JOHNSON,1382724
31/12/2021,PFIZER | BIONTECH,29062631
01/01/2022,ASTRAZENECA | OXFORD,27276368
01/01/2022,CORONAVAC | BUTANTAN,26553478
01/01/2022,JANSSEN | JOHNSON & JOHNSON,1382997
01/01/2022,PFIZER | BIONTECH,29066970
02/01/2022,ASTRAZENECA | OXFORD,27276571
02/01/2022,CORONAVAC | BUTANTAN,26553628
02/01/2022,JANSSEN | JOHNSON & JOHNSON,1383116
02/01/2022,PFIZER | BIONTECH,29069921
03/01/2022,ASTRAZENECA | OXFORD,27284433
03/01/2022,CORONAVAC | BUTANTAN,26566960
03/01/2022,JANSSEN | JOHNSON & JOHNSON,1389957
03/01/2022,PFIZER | BIONTECH,29226435
04/01/2022,ASTRAZENECA | OXFORD,27302538
04/01/2022,CORONAVAC | BUTANTAN,26590991
04/01/2022,JANSSEN | JOHNSON & JOHNSON,1403054
04/01/2022,PFIZER | BIONTECH,29485215
05/01/2022,ASTRAZENECA | OXFORD,27323996
05/01/2022,CORONAVAC | BUTANTAN,26623838
05/01/2022,JANSSEN | JOHNSON & JOHNSON,1420437
05/01/2022,PFIZER | BIONTECH,29746157
06/01/2022,ASTRAZENECA | OXFORD,27343810
06/01/2022,CORONAVAC | BUTANTAN,26658122
06/01/2022,JANSSEN | JOHNSON & JOHNSON,1435014
06/01/2022,PFIZER | BIONTECH,30056503
07/01/2022,ASTRAZENECA | OXFORD,27362558
07/01/2022,CORONAVAC | BUTANTAN,26692824
07/01/2022,JANSSEN | JOHNSON & JOHNSON,1450041
07/01/2022,PFIZER | BIONTECH,30315218
08/01/2022,ASTRAZENECA | OXFORD,27373375
08/01/2022,CORONAVAC | BUTANTAN,26714100
08/01/2022,JANSSEN | JOHNSON & JOHNSON,1459735
08/01/2022,PFIZER | BIONTECH,30485880
09/01/2022,ASTRAZENECA | OXFORD,27375170
09/01/2022,CORONAVAC | BUTANTAN,26719199
09/01/2022,JANSSEN | JOHNSON & JOHNSON,1461427
09/01/2022,PFIZER | BIONTECH,30523361
10/01/2022,ASTRAZENECA | OXFORD,27395549
10/01/2022,CORONAVAC | BUTANTAN,26753218
10/01/2022,JANSSEN | JOHNSON & JOHNSON,1471749
10/01/2022,PFIZER | BIONTECH,30706463
11/01/2022,ASTRAZENECA | OXFORD,27430374
11/01/2022,CORONAVAC | BUTANTAN,26807881
11/01/2022,JANSSEN | JOHNSON & JOHNSON,1492289
11/01/2022,PFIZER | BIONTECH,30956153
12/01/2022,ASTRAZENECA | OXFORD,27459596
12/01/2022,CORONAVAC | BUTANTAN,26852206
12/01/2022,JANSSEN | JOHNSON & JOHNSON,1510372
12/01/2022,PFIZER | BIONTECH,31170615
13/01/2022,ASTRAZENECA | OXFORD,27484139
13/01/2022,CORONAVAC | BUTANTAN,26884596
13/01/2022,JANSSEN | JOHNSON & JOHNSON,1525189
13/01/2022,PFIZER | BIONTECH,31466155
14/01/2022,ASTRAZENECA | OXFORD,27512087
14/01/2022,CORONAVAC | BUTANTAN,26921904
14/01/2022,JANSSEN | JOHNSON & JOHNSON,1541787
14/01/2022,PFIZER | BIONTECH,31841923
15/01/2022,ASTRAZENECA | OXFORD,27520236
15/01/2022,CORONAVAC | BUTANTAN,26931040
15/01/2022,JANSSEN | JOHNSON & JOHNSON,1547457
15/01/2022,PFIZER | BIONTECH,31989231
16/01/2022,ASTRAZENECA | OXFORD,27523751
16/01/2022,CORONAVAC | BUTANTAN,26935001
16/01/2022,JANSSEN | JOHNSON & JOHNSON,1549509
16/01/2022,PFIZER | BIONTECH,32042707
17/01/2022,ASTRAZENECA | OXFORD,27543325
17/01/2022,CORONAVAC | BUTANTAN,26955950
17/01/2022,JANSSEN | JOHNSON & JOHNSON,1557681
17/01/2022,PFIZER | BIONTECH,32231968
18/01/2022,ASTRAZENECA | OXFORD,27590154
18/01/2022,CORONAVAC | BUTANTAN,26999481
18/01/2022,JANSSEN | JOHNSON & JOHNSON,1583872
18/01/2022,PFIZER | BIONTECH,32565462
19/01/2022,ASTRAZENECA | OXFORD,27624208
19/01/2022,CORONAVAC | BUTANTAN,27023926
19/01/2022,JANSSEN | JOHNSON & JOHNSON,1594381
19/01/2022,PFIZER | BIONTECH,32802084
20/01/2022,ASTRAZENECA | OXFORD,27659889
20/01/2022,CORONAVAC | BUTANTAN,27043860
20/01/2022,JANSSEN | JOHNSON & JOHNSON,1603735
20/01/2022,PFIZER | BIONTECH,33027679
21/01/2022,ASTRAZENECA | OXFORD,27689976
21/01/2022,CORONAVAC | BUTANTAN,27066591
21/01/2022,JANSSEN | JOHNSON & JOHNSON,1612084
21/01/2022,PFIZER | BIONTECH,33265377
22/01/2022,ASTRAZENECA | OXFORD,27721551
22/01/2022,CORONAVAC | BUTANTAN,27175979
22/01/2022,JANSSEN | JOHNSON & JOHNSON,1616494
22/01/2022,PFIZER | BIONTECH,33370986
23/01/2022,ASTRAZENECA | OXFORD,27725358
23/01/2022,CORONAVAC | BUTANTAN,27193689
23/01/2022,JANSSEN | JOHNSON & JOHNSON,1617470
23/01/2022,PFIZER | BIONTECH,33388212
24/01/2022,ASTRAZENECA | OXFORD,27761125
24/01/2022,CORONAVAC | BUTANTAN,27299546
24/01/2022,JANSSEN | JOHNSON & JOHNSON,1624017
24/01/2022,PFIZER | BIONTECH,33643254
25/01/2022,ASTRAZENECA | OXFORD,27796538
25/01/2022,CORONAVAC | BUTANTAN,27406445
25/01/2022,JANSSEN | JOHNSON & JOHNSON,1630102
25/01/2022,PFIZER | BIONTECH,33857145
26/01/2022,ASTRAZENECA | OXFORD,27830831
26/01/2022,CORONAVAC | BUTANTAN,27549724
26/01/2022,JANSSEN | JOHNSON & JOHNSON,1637240
26/01/2022,PFIZER | BIONTECH,34088295
27/01/2022,ASTRAZENECA | OXFORD,27867466
27/01/2022,CORONAVAC | BUTANTAN,27698253
27/01/2022,JANSSEN | JOHNSON & JOHNSON,1644735
27/01/2022,PFIZER | BIONTECH,34332299
28/01/2022,ASTRAZENECA | OXFORD,27902800
28/01/2022,CORONAVAC | BUTANTAN,27842635
28/01/2022,JANSSEN | JOHNSON & JOHNSON,1651344
28/01/2022,PFIZER | BIONTECH,34584114
29/01/2022,ASTRAZENECA | OXFORD,27935652
29/01/2022,CORONAVAC | BUTANTAN,27983221
29/01/2022,JANSSEN | JOHNSON & JOHNSON,1655462
29/01/2022,PFIZER | BIONTECH,34728184
30/01/2022,ASTRAZENECA | OXFORD,27941480
30/01/2022,CORONAVAC | BUTANTAN,28006389
30/01/2022,JANSSEN | JOHNSON & JOHNSON,1656027
30/01/2022,PFIZER | BIONTECH,34746796
31/01/2022,ASTRAZENECA | OXFORD,27979286
31/01/2022,CORONAVAC | BUTANTAN,28143314
31/01/2022,JANSSEN | JOHNSON & JOHNSON,1664640
31/01/2022,PFIZER | BIONTECH,34988135
01/02/2022,ASTRAZENECA | OXFORD,28022633
01/02/2022,CORONAVAC | BUTANTAN,28296272
01/02/2022,JANSSEN | JOHNSON & JOHNSON,1672701
01/02/2022,PFIZER | BIONTECH,35241462
02/02/2022,ASTRAZENECA | OXFORD,28027285
02/02/2022,CORONAVAC | BUTANTAN,28312140
02/02/2022,JANSSEN | JOHNSON & JOHNSON,1673520
02/02/2022,PFIZER | BIONTECH,35264581
03/02/2022,ASTRAZENECA | OXFORD,28115261
03/02/2022,CORONAVAC | BUTANTAN,28543473
03/02/2022,JANSSEN | JOHNSON & JOHNSON,1686975
03/02/2022,PFIZER | BIONTECH,35641419
04/02/2022,ASTRAZENECA | OXFORD,28178637
04/02/2022,CORONAVAC | BUTANTAN,28654983
04/02/2022,JANSSEN | JOHNSON & JOHNSON,1694863
04/02/2022,PFIZER | BIONTECH,35843011
05/02/2022,ASTRAZENECA | OXFORD,28253701
05/02/2022,CORONAVAC | BUTANTAN,28825039
05/02/2022,JANSSEN | JOHNSON & JOHNSON,1700750
05/02/2022,PFIZER | BIONTECH,36028599
06/02/2022,ASTRAZENECA | OXFORD,28263805
06/02/2022,CORONAVAC | BUTANTAN,28842144
06/02/2022,JANSSEN | JOHNSON & JOHNSON,1701563
06/02/2022,PFIZER | BIONTECH,36048537
07/02/2022,ASTRAZENECA | OXFORD,28322417
07/02/2022,CORONAVAC | BUTANTAN,28924770
07/02/2022,JANSSEN | JOHNSON & JOHNSON,1706441
07/02/2022,PFIZER | BIONTECH,36217312
08/02/2022,ASTRAZENECA | OXFORD,28393893
08/02/2022,CORONAVAC | BUTANTAN,29007629
08/02/2022,JANSSEN | JOHNSON & JOHNSON,1714127
08/02/2022,PFIZER | BIONTECH,36410844
09/02/2022,ASTRAZENECA | OXFORD,28459675
09/02/2022,CORONAVAC | BUTANTAN,29074473
09/02/2022,JANSSEN | JOHNSON & JOHNSON,1720831
09/02/2022,PFIZER | BIONTECH,36574610
10/02/2022,ASTRAZENECA | OXFORD,28532133
10/02/2022,CORONAVAC | BUTANTAN,29130961
10/02/2022,JANSSEN | JOHNSON & JOHNSON,1726409
10/02/2022,PFIZER | BIONTECH,36720056
11/02/2022,ASTRAZENECA | OXFORD,28607842
11/02/2022,CORONAVAC | BUTANTAN,29198396
11/02/2022,JANSSEN | JOHNSON & JOHNSON,1731539
11/02/2022,PFIZER | BIONTECH,36863873
12/02/2022,ASTRAZENECA | OXFORD,28639741
12/02/2022,CORONAVAC | BUTANTAN,29246973
12/02/2022,JANSSEN | JOHNSON & JOHNSON,1734261
12/02/2022,PFIZER | BIONTECH,36937422
13/02/2022,ASTRAZENECA | OXFORD,28647226
13/02/2022,CORONAVAC | BUTANTAN,29256766
13/02/2022,JANSSEN | JOHNSON & JOHNSON,1734779
13/02/2022,PFIZER | BIONTECH,36948942
14/02/2022,ASTRAZENECA | OXFORD,28728670
14/02/2022,CORONAVAC | BUTANTAN,29305163
14/02/2022,JANSSEN | JOHNSON & JOHNSON,1753639
14/02/2022,PFIZER | BIONTECH,37039360
15/02/2022,ASTRAZENECA | OXFORD,28804738
15/02/2022,CORONAVAC | BUTANTAN,29357647
15/02/2022,JANSSEN | JOHNSON & JOHNSON,1789958
15/02/2022,PFIZER | BIONTECH,37152116
16/02/2022,ASTRAZENECA | OXFORD,28861944
16/02/2022,CORONAVAC | BUTANTAN,29404351
16/02/2022,JANSSEN | JOHNSON & JOHNSON,1822420
16/02/2022,PFIZER | BIONTECH,37259391
17/02/2022,ASTRAZENECA | OXFORD,28919097
17/02/2022,CORONAVAC | BUTANTAN,29448436
17/02/2022,JANSSEN | JOHNSON & JOHNSON,1848408
17/02/2022,PFIZER | BIONTECH,37363007
18/02/2022,ASTRAZENECA | OXFORD,28977005
18/02/2022,CORONAVAC | BUTANTAN,29501024
18/02/2022,JANSSEN | JOHNSON & JOHNSON,1891262
18/02/2022,PFIZER | BIONTECH,37459681
19/02/2022,ASTRAZENECA | OXFORD,29008938
19/02/2022,CORONAVAC | BUTANTAN,29553499
19/02/2022,JANSSEN | JOHNSON & JOHNSON,1932655
19/02/2022,PFIZER | BIONTECH,37512112
20/02/2022,ASTRAZENECA | OXFORD,29015331
20/02/2022,CORONAVAC | BUTANTAN,29559471
20/02/2022,JANSSEN | JOHNSON & JOHNSON,1938336
20/02/2022,PFIZER | BIONTECH,37518654
21/02/2022,ASTRAZENECA | OXFORD,29070773
21/02/2022,CORONAVAC | BUTANTAN,29630962
21/02/2022,JANSSEN | JOHNSON & JOHNSON,1996090
21/02/2022,PFIZER | BIONTECH,37590308
22/02/2022,ASTRAZENECA | OXFORD,29121773
22/02/2022,CORONAVAC | BUTANTAN,29718564
22/02/2022,JANSSEN | JOHNSON & JOHNSON,2059872
22/02/2022,PFIZER | BIONTECH,37665220
23/02/2022,ASTRAZENECA | OXFORD,29169149
23/02/2022,CORONAVAC | BUTANTAN,29810829
23/02/2022,JANSSEN | JOHNSON & JOHNSON,2114489
23/02/2022,PFIZER | BIONTECH,37734866
24/02/2022,ASTRAZENECA | OXFORD,29215479
24/02/2022,CORONAVAC | BUTANTAN,29906265
24/02/2022,JANSSEN | JOHNSON & JOHNSON,2166003
24/02/2022,PFIZER | BIONTECH,37796416
25/02/2022,ASTRAZENECA | OXFORD,29263707
25/02/2022,CORONAVAC | BUTANTAN,30014907
25/02/2022,JANSSEN | JOHNSON & JOHNSON,2218077
25/02/2022,PFIZER | BIONTECH,37855052
26/02/2022,ASTRAZENECA | OXFORD,29283254
26/02/2022,CORONAVAC | BUTANTAN,30066569
26/02/2022,JANSSEN | JOHNSON & JOHNSON,2238189
26/02/2022,PFIZER | BIONTECH,37873747
27/02/2022,ASTRAZENECA | OXFORD,29285403
27/02/2022,CORONAVAC | BUTANTAN,30069704
27/02/2022,JANSSEN | JOHNSON & JOHNSON,2240224
27/02/2022,PFIZER | BIONTECH,37876531
28/02/2022,ASTRAZENECA | OXFORD,29291579
28/02/2022,CORONAVAC | BUTANTAN,30081427
28/02/2022,JANSSEN | JOHNSON & JOHNSON,2248518
28/02/2022,PFIZER | BIONTECH,37882186
01/03/2022,ASTRAZENECA | OXFORD,29294307
01/03/2022,CORONAVAC | BUTANTAN,30087982
01/03/2022,JANSSEN | JOHNSON & JOHNSON,2253553
01/03/2022,PFIZER | BIONTECH,37886793
02/03/2022,ASTRAZENECA | OXFORD,29314739
02/03/2022,CORONAVAC | BUTANTAN,30153601
02/03/2022,JANSSEN | JOHNSON & JOHNSON,2287435
02/03/2022,PFIZER | BIONTECH,37911024
03/03/2022,ASTRAZENECA | OXFORD,29354050
03/03/2022,CORONAVAC | BUTANTAN,30259577
03/03/2022,JANSSEN | JOHNSON & JOHNSON,2342353
03/03/2022,PFIZER | BIONTECH,37961876
04/03/2022,ASTRAZENECA | OXFORD,29397520
04/03/2022,CORONAVAC | BUTANTAN,30370031
04/03/2022,JANSSEN | JOHNSON & JOHNSON,2396189
04/03/2022,PFIZER | BIONTECH,38016646
05/03/2022,ASTRAZENECA | OXFORD,29418831
05/03/2022,CORONAVAC | BUTANTAN,30444737
05/03/2022,JANSSEN | JOHNSON & JOHNSON,2422831
05/03/2022,PFIZER | BIONTECH,38046838
06/03/2022,ASTRAZENECA | OXFORD,29422436
06/03/2022,CORONAVAC | BUTANTAN,30451344
06/03/2022,JANSSEN | JOHNSON & JOHNSON,2426612
06/03/2022,PFIZER | BIONTECH,38051240
07/03/2022,ASTRAZENECA | OXFORD,29461840
07/03/2022,CORONAVAC | BUTANTAN,30540480
07/03/2022,JANSSEN | JOHNSON & JOHNSON,2483682
07/03/2022,PFIZER | BIONTECH,38094108
08/03/2022,ASTRAZENECA | OXFORD,29502115
08/03/2022,CORONAVAC | BUTANTAN,30627253
08/03/2022,JANSSEN | JOHNSON & JOHNSON,2515272
08/03/2022,PFIZER | BIONTECH,38165508
09/03/2022,ASTRAZENECA | OXFORD,29541745
09/03/2022,CORONAVAC | BUTANTAN,30704135
09/03/2022,JANSSEN | JOHNSON & JOHNSON,2543603
09/03/2022,PFIZER | BIONTECH,38232630
10/03/2022,ASTRAZENECA | OXFORD,29587453
10/03/2022,CORONAVAC | BUTANTAN,30783731
10/03/2022,JANSSEN | JOHNSON & JOHNSON,2596970
10/03/2022,PFIZER | BIONTECH,38281009
11/03/2022,ASTRAZENECA | OXFORD,29623571
11/03/2022,CORONAVAC | BUTANTAN,30857636
11/03/2022,JANSSEN | JOHNSON & JOHNSON,2643100
11/03/2022,PFIZER | BIONTECH,38318328
12/03/2022,ASTRAZENECA | OXFORD,29645383
12/03/2022,CORONAVAC | BUTANTAN,30905689
12/03/2022,JANSSEN | JOHNSON & JOHNSON,2676203
12/03/2022,PFIZER | BIONTECH,38339382
13/03/2022,ASTRAZENECA | OXFORD,29647966
13/03/2022,CORONAVAC | BUTANTAN,30909877
13/03/2022,JANSSEN | JOHNSON & JOHNSON,2679332
13/03/2022,PFIZER | BIONTECH,38342244
14/03/2022,ASTRAZENECA | OXFORD,29682620
14/03/2022,CORONAVAC | BUTANTAN,30969356
14/03/2022,JANSSEN | JOHNSON & JOHNSON,2730287
14/03/2022,PFIZER | BIONTECH,38374134
15/03/2022,ASTRAZENECA | OXFORD,29722678
15/03/2022,CORONAVAC | BUTANTAN,31029888
15/03/2022,JANSSEN | JOHNSON & JOHNSON,2780878
15/03/2022,PFIZER | BIONTECH,38409122
16/03/2022,ASTRAZENECA | OXFORD,29765100
16/03/2022,CORONAVAC | BUTANTAN,31088742
16/03/2022,JANSSEN | JOHNSON & JOHNSON,2808184
16/03/2022,PFIZER | BIONTECH,38461697
17/03/2022,ASTRAZENECA | OXFORD,29816117
17/03/2022,CORONAVAC | BUTANTAN,31142152
17/03/2022,JANSSEN | JOHNSON & JOHNSON,2831070
17/03/2022,PFIZER | BIONTECH,38516868
18/03/2022,ASTRAZENECA | OXFORD,29882576
18/03/2022,CORONAVAC | BUTANTAN,31212476
18/03/2022,JANSSEN | JOHNSON & JOHNSON,2857512
18/03/2022,PFIZER | BIONTECH,38585059
19/03/2022,ASTRAZENECA | OXFORD,29920269
19/03/2022,CORONAVAC | BUTANTAN,31245570
19/03/2022,JANSSEN | JOHNSON & JOHNSON,2869076
19/03/2022,PFIZER | BIONTECH,38616113
20/03/2022,ASTRAZENECA | OXFORD,29923543
20/03/2022,CORONAVAC | BUTANTAN,31248413
20/03/2022,JANSSEN | JOHNSON & JOHNSON,2870310
20/03/2022,PFIZER | BIONTECH,38620545
21/03/2022,ASTRAZENECA | OXFORD,29998634
21/03/2022,CORONAVAC | BUTANTAN,31302508
21/03/2022,JANSSEN | JOHNSON & JOHNSON,2899874
21/03/2022,PFIZER | BIONTECH,38680258
22/03/2022,ASTRAZENECA | OXFORD,30053385
22/03/2022,CORONAVAC | BUTANTAN,31343184
22/03/2022,JANSSEN | JOHNSON & JOHNSON,2924678
22/03/2022,PFIZER | BIONTECH,38722093
23/03/2022,ASTRAZENECA | OXFORD,30142758
23/03/2022,CORONAVAC | BUTANTAN,31412177
23/03/2022,JANSSEN | JOHNSON & JOHNSON,2969121
23/03/2022,PFIZER | BIONTECH,38790910
24/03/2022,ASTRAZENECA | OXFORD,30204710
24/03/2022,CORONAVAC | BUTANTAN,31459409
24/03/2022,JANSSEN | JOHNSON & JOHNSON,3003125
24/03/2022,PFIZER | BIONTECH,38840441
25/03/2022,ASTRAZENECA | OXFORD,30266365
25/03/2022,CORONAVAC | BUTANTAN,31510225
25/03/2022,JANSSEN | JOHNSON & JOHNSON,3042305
25/03/2022,PFIZER | BIONTECH,38883690
26/03/2022,ASTRAZENECA | OXFORD,30298144
26/03/2022,CORONAVAC | BUTANTAN,31533699
26/03/2022,JANSSEN | JOHNSON & JOHNSON,3060069
26/03/2022,PFIZER | BIONTECH,38904631
27/03/2022,ASTRAZENECA | OXFORD,30312567
27/03/2022,CORONAVAC | BUTANTAN,31551022
27/03/2022,JANSSEN | JOHNSON & JOHNSON,3076227
27/03/2022,PFIZER | BIONTECH,38920668
28/03/2022,ASTRAZENECA | OXFORD,30360930
28/03/2022,CORONAVAC | BUTANTAN,31591582
28/03/2022,JANSSEN | JOHNSON & JOHNSON,3118092
28/03/2022,PFIZER | BIONTECH,38956532
29/03/2022,ASTRAZENECA | OXFORD,30426418
29/03/2022,CORONAVAC | BUTANTAN,31634248
29/03/2022,JANSSEN | JOHNSON & JOHNSON,3190046
29/03/2022,PFIZER | BIONTECH,38997215
30/03/2022,ASTRAZENECA | OXFORD,30468711
30/03/2022,CORONAVAC | BUTANTAN,31676714
30/03/2022,JANSSEN | JOHNSON & JOHNSON,3273021
30/03/2022,PFIZER | BIONTECH,39028373
31/03/2022,ASTRAZENECA | OXFORD,30500421
31/03/2022,CORONAVAC | BUTANTAN,31717097
31/03/2022,JANSSEN | JOHNSON & JOHNSON,3345473
31/03/2022,PFIZER | BIONTECH,39055955
01/04/2022,ASTRAZENECA | OXFORD,30532340
01/04/2022,CORONAVAC | BUTANTAN,31752961
01/04/2022,JANSSEN | JOHNSON & JOHNSON,3420151
01/04/2022,PFIZER | BIONTECH,39085281
02/04/2022,ASTRAZENECA | OXFORD,30549950
02/04/2022,CORONAVAC | BUTANTAN,31771084
02/04/2022,JANSSEN | JOHNSON & JOHNSON,3456545
02/04/2022,PFIZER | BIONTECH,39096262
03/04/2022,ASTRAZENECA | OXFORD,30551084
03/04/2022,CORONAVAC | BUTANTAN,31772626
03/04/2022,JANSSEN | JOHNSON & JOHNSON,3460136
03/04/2022,PFIZER | BIONTECH,39097490
04/04/2022,ASTRAZENECA | OXFORD,30576715
04/04/2022,CORONAVAC | BUTANTAN,31812950
04/04/2022,JANSSEN | JOHNSON & JOHNSON,3587325
04/04/2022,PFIZER | BIONTECH,39124603
05/04/2022,ASTRAZENECA | OXFORD,30594729
05/04/2022,CORONAVAC | BUTANTAN,31866566
05/04/2022,JANSSEN | JOHNSON & JOHNSON,3761041
05/04/2022,PFIZER | BIONTECH,39160103
06/04/2022,ASTRAZENECA | OXFORD,30610570
06/04/2022,CORONAVAC | BUTANTAN,31917679
06/04/2022,JANSSEN | JOHNSON & JOHNSON,3917256
06/04/2022,PFIZER | BIONTECH,39194810
07/04/2022,ASTRAZENECA | OXFORD,30625244
07/04/2022,CORONAVAC | BUTANTAN,31965557
07/04/2022,JANSSEN | JOHNSON & JOHNSON,4058754
07/04/2022,PFIZER | BIONTECH,39242558
08/04/2022,ASTRAZENECA | OXFORD,30642661
08/04/2022,CORONAVAC | BUTANTAN,32013470
08/04/2022,JANSSEN | JOHNSON & JOHNSON,4184043
08/04/2022,PFIZER | BIONTECH,39285319
09/04/2022,ASTRAZENECA | OXFORD,30651873
09/04/2022,CORONAVAC | BUTANTAN,32031711
09/04/2022,JANSSEN | JOHNSON & JOHNSON,4229468
09/04/2022,PFIZER | BIONTECH,39299722
10/04/2022,ASTRAZENECA | OXFORD,30652595
10/04/2022,CORONAVAC | BUTANTAN,32033122
10/04/2022,JANSSEN | JOHNSON & JOHNSON,4234927
10/04/2022,PFIZER | BIONTECH,39301055
11/04/2022,ASTRAZENECA | OXFORD,30666477
11/04/2022,CORONAVAC | BUTANTAN,32075141
11/04/2022,JANSSEN | JOHNSON & JOHNSON,4361117
11/04/2022,PFIZER | BIONTECH,39345921
12/04/2022,ASTRAZENECA | OXFORD,30681685
12/04/2022,CORONAVAC | BUTANTAN,32128394
12/04/2022,JANSSEN | JOHNSON & JOHNSON,4480820
12/04/2022,PFIZER | BIONTECH,39394781
13/04/2022,ASTRAZENECA | OXFORD,30695139
13/04/2022,CORONAVAC | BUTANTAN,32169853
13/04/2022,JANSSEN | JOHNSON & JOHNSON,4579901
13/04/2022,PFIZER | BIONTECH,39441848
14/04/2022,ASTRAZENECA | OXFORD,30706758
14/04/2022,CORONAVAC | BUTANTAN,32196588
14/04/2022,JANSSEN | JOHNSON & JOHNSON,4657303
14/04/2022,PFIZER | BIONTECH,39473907
15/04/2022,ASTRAZENECA | OXFORD,30708374
15/04/2022,CORONAVAC | BUTANTAN,32198725
15/04/2022,JANSSEN | JOHNSON & JOHNSON,4665580
15/04/2022,PFIZER | BIONTECH,39476336
16/04/2022,ASTRAZENECA | OXFORD,30710542
16/04/2022,CORONAVAC | BUTANTAN,32201289
16/04/2022,JANSSEN | JOHNSON & JOHNSON,4675694
16/04/2022,PFIZER | BIONTECH,39481225
17/04/2022,ASTRAZENECA | OXFORD,30710542
17/04/2022,CORONAVAC | BUTANTAN,32201289
17/04/2022,JANSSEN | JOHNSON & JOHNSON,4675694
17/04/2022,PFIZER | BIONTECH,39481225
18/04/2022,ASTRAZENECA | OXFORD,30723224
18/04/2022,CORONAVAC | BUTANTAN,32238840
18/04/2022,JANSSEN | JOHNSON & JOHNSON,4774944
18/04/2022,PFIZER | BIONTECH,39529376
19/04/2022,ASTRAZENECA | OXFORD,30737852
19/04/2022,CORONAVAC | BUTANTAN,32279502
19/04/2022,JANSSEN | JOHNSON & JOHNSON,4880108
19/04/2022,PFIZER | BIONTECH,39590505
20/04/2022,ASTRAZENECA | OXFORD,30755668
20/04/2022,CORONAVAC | BUTANTAN,32320207
20/04/2022,JANSSEN | JOHNSON & JOHNSON,4977522
20/04/2022,PFIZER | BIONTECH,39640421
21/04/2022,ASTRAZENECA | OXFORD,30759104
21/04/2022,CORONAVAC | BUTANTAN,32324203
21/04/2022,JANSSEN | JOHNSON & JOHNSON,4987485
21/04/2022,PFIZER | BIONTECH,39647493
22/04/2022,ASTRAZENECA | OXFORD,30761514
22/04/2022,CORONAVAC | BUTANTAN,32326410
22/04/2022,JANSSEN | JOHNSON & JOHNSON,5000304
22/04/2022,PFIZER | BIONTECH,39649978
23/04/2022,ASTRAZENECA | OXFORD,30764337
23/04/2022,CORONAVAC | BUTANTAN,32329516
23/04/2022,JANSSEN | JOHNSON & JOHNSON,5009251
23/04/2022,PFIZER | BIONTECH,39654891
24/04/2022,ASTRAZENECA | OXFORD,30764716
24/04/2022,CORONAVAC | BUTANTAN,32329996
24/04/2022,JANSSEN | JOHNSON & JOHNSON,5011508
24/04/2022,PFIZER | BIONTECH,39655677
25/04/2022,ASTRAZENECA | OXFORD,30781060
25/04/2022,CORONAVAC | BUTANTAN,32361240
25/04/2022,JANSSEN | JOHNSON & JOHNSON,5093374
25/04/2022,PFIZER | BIONTECH,39702130
26/04/2022,ASTRAZENECA | OXFORD,30798788
26/04/2022,CORONAVAC | BUTANTAN,32392965
26/04/2022,JANSSEN | JOHNSON & JOHNSON,5173727
26/04/2022,PFIZER | BIONTECH,39751238
27/04/2022,ASTRAZENECA | OXFORD,30817316
27/04/2022,CORONAVAC | BUTANTAN,32423889
27/04/2022,JANSSEN | JOHNSON & JOHNSON,5245885
27/04/2022,PFIZER | BIONTECH,39789694
28/04/2022,ASTRAZENECA | OXFORD,30835198
28/04/2022,CORONAVAC | BUTANTAN,32456310
28/04/2022,JANSSEN | JOHNSON & JOHNSON,5309906
28/04/2022,PFIZER | BIONTECH,39823139
29/04/2022,ASTRAZENECA | OXFORD,30854921
29/04/2022,CORONAVAC | BUTANTAN,32485034
29/04/2022,JANSSEN | JOHNSON & JOHNSON,5351322
29/04/2022,PFIZER | BIONTECH,39873561
30/04/2022,ASTRAZENECA | OXFORD,30881815
30/04/2022,CORONAVAC | BUTANTAN,32524055
30/04/2022,JANSSEN | JOHNSON & JOHNSON,5391771
30/04/2022,PFIZER | BIONTECH,39923646
01/05/2022,ASTRAZENECA | OXFORD,30882915
01/05/2022,CORONAVAC | BUTANTAN,32525094
01/05/2022,JANSSEN | JOHNSON & JOHNSON,5393896
01/05/2022,PFIZER | BIONTECH,39925823
02/05/2022,ASTRAZENECA | OXFORD,30896389
02/05/2022,CORONAVAC | BUTANTAN,32550910
02/05/2022,JANSSEN | JOHNSON & JOHNSON,5434666
02/05/2022,PFIZER | BIONTECH,39974209
03/05/2022,ASTRAZENECA | OXFORD,30910488
03/05/2022,CORONAVAC | BUTANTAN,32577579
03/05/2022,JANSSEN | JOHNSON & JOHNSON,5472581
03/05/2022,PFIZER | BIONTECH,40023164
04/05/2022,ASTRAZENECA | OXFORD,30921703
04/05/2022,CORONAVAC | BUTANTAN,32598747
04/05/2022,JANSSEN | JOHNSON & JOHNSON,5500163
04/05/2022,PFIZER | BIONTECH,40065447
05/05/2022,ASTRAZENECA | OXFORD,30934779
05/05/2022,CORONAVAC | BUTANTAN,32622107
05/05/2022,JANSSEN | JOHNSON & JOHNSON,5529166
05/05/2022,PFIZER | BIONTECH,40106792
06/05/2022,ASTRAZENECA | OXFORD,30949646
06/05/2022,CORONAVAC | BUTANTAN,32643808
06/05/2022,JANSSEN | JOHNSON & JOHNSON,5559548
06/05/2022,PFIZER | BIONTECH,40143381
07/05/2022,ASTRAZENECA | OXFORD,30954201
07/05/2022,CORONAVAC | BUTANTAN,32649732
07/05/2022,JANSSEN | JOHNSON & JOHNSON,5566166
07/05/2022,PFIZER | BIONTECH,40152191
08/05/2022,ASTRAZENECA | OXFORD,30954465
08/05/2022,CORONAVAC | BUTANTAN,32649963
08/05/2022,JANSSEN | JOHNSON & JOHNSON,5566841
08/05/2022,PFIZER | BIONTECH,40153272
09/05/2022,ASTRAZENECA | OXFORD,30965429
09/05/2022,CORONAVAC | BUTANTAN,32668018
09/05/2022,JANSSEN | JOHNSON & JOHNSON,5599529
09/05/2022,PFIZER | BIONTECH,40186299
10/05/2022,ASTRAZENECA | OXFORD,30978864
10/05/2022,CORONAVAC | BUTANTAN,32688895
10/05/2022,JANSSEN | JOHNSON & JOHNSON,5635976
10/05/2022,PFIZER | BIONTECH,40226210
11/05/2022,ASTRAZENECA | OXFORD,30990824
11/05/2022,CORONAVAC | BUTANTAN,32708416
11/05/2022,JANSSEN | JOHNSON & JOHNSON,5670194
11/05/2022,PFIZER | BIONTECH,40260776
12/05/2022,ASTRAZENECA | OXFORD,31000873
12/05/2022,CORONAVAC | BUTANTAN,32721492
12/05/2022,JANSSEN | JOHNSON & JOHNSON,5696594
12/05/2022,PFIZER | BIONTECH,40279845
13/05/2022,ASTRAZENECA | OXFORD,31014521
13/05/2022,CORONAVAC | BUTANTAN,32739896
13/05/2022,JANSSEN | JOHNSON & JOHNSON,5731860
13/05/2022,PFIZER | BIONTECH,40304503
14/05/2022,ASTRAZENECA | OXFORD,31019504
14/05/2022,CORONAVAC | BUTANTAN,32745731
14/05/2022,JANSSEN | JOHNSON & JOHNSON,5738680
14/05/2022,PFIZER | BIONTECH,40313060
15/05/2022,ASTRAZENECA | OXFORD,31019821
15/05/2022,CORONAVAC | BUTANTAN,32745963
15/05/2022,JANSSEN | JOHNSON & JOHNSON,5739460
15/05/2022,PFIZER | BIONTECH,40313873
16/05/2022,ASTRAZENECA | OXFORD,31031656
16/05/2022,CORONAVAC | BUTANTAN,32763825
16/05/2022,JANSSEN | JOHNSON & JOHNSON,5774759
16/05/2022,PFIZER | BIONTECH,40342384
17/05/2022,ASTRAZENECA | OXFORD,31044341
17/05/2022,CORONAVAC | BUTANTAN,32783118
17/05/2022,JANSSEN | JOHNSON & JOHNSON,5811004
17/05/2022,PFIZER | BIONTECH,40373675
18/05/2022,ASTRAZENECA | OXFORD,31053728
18/05/2022,CORONAVAC | BUTANTAN,32796840
18/05/2022,JANSSEN | JOHNSON & JOHNSON,5834182
18/05/2022,PFIZER | BIONTECH,40393278
19/05/2022,ASTRAZENECA | OXFORD,31064028
19/05/2022,CORONAVAC | BUTANTAN,32810877
19/05/2022,JANSSEN | JOHNSON & JOHNSON,5856983
19/05/2022,PFIZER | BIONTECH,40409401
20/05/2022,ASTRAZENECA | OXFORD,31077289
20/05/2022,CORONAVAC | BUTANTAN,32826132
20/05/2022,JANSSEN | JOHNSON & JOHNSON,5884314
20/05/2022,PFIZER | BIONTECH,40426862
21/05/2022,ASTRAZENECA | OXFORD,31082796
21/05/2022,CORONAVAC | BUTANTAN,32833127
21/05/2022,JANSSEN | JOHNSON & JOHNSON,5891866
21/05/2022,PFIZER | BIONTECH,40432685
22/05/2022,ASTRAZENECA | OXFORD,31083113
22/05/2022,CORONAVAC | BUTANTAN,32833397
22/05/2022,JANSSEN | JOHNSON & JOHNSON,5893086
22/05/2022,PFIZER | BIONTECH,40433050
23/05/2022,ASTRAZENECA | OXFORD,31096017
23/05/2022,CORONAVAC | BUTANTAN,32849235
23/05/2022,JANSSEN | JOHNSON & JOHNSON,5926095
23/05/2022,PFIZER | BIONTECH,40452833
24/05/2022,ASTRAZENECA | OXFORD,31110714
24/05/2022,CORONAVAC | BUTANTAN,32867208
24/05/2022,JANSSEN | JOHNSON & JOHNSON,5963422
24/05/2022,PFIZER | BIONTECH,40475332
25/05/2022,ASTRAZENECA | OXFORD,31125002
25/05/2022,CORONAVAC | BUTANTAN,32884694
25/05/2022,JANSSEN | JOHNSON & JOHNSON,5996567
25/05/2022,PFIZER | BIONTECH,40495967
26/05/2022,ASTRAZENECA | OXFORD,31140094
26/05/2022,CORONAVAC | BUTANTAN,32902634
26/05/2022,JANSSEN | JOHNSON & JOHNSON,6026973
26/05/2022,PFIZER | BIONTECH,40515616
27/05/2022,ASTRAZENECA | OXFORD,31157785
27/05/2022,CORONAVAC | BUTANTAN,32921229
27/05/2022,JANSSEN | JOHNSON & JOHNSON,6056797
27/05/2022,PFIZER | BIONTECH,40533267
28/05/2022,ASTRAZENECA | OXFORD,31168108
28/05/2022,CORONAVAC | BUTANTAN,32930535
28/05/2022,JANSSEN | JOHNSON & JOHNSON,6071550
28/05/2022,PFIZER | BIONTECH,40549002
29/05/2022,ASTRAZENECA | OXFORD,31168655
29/05/2022,CORONAVAC | BUTANTAN,32931118
29/05/2022,JANSSEN | JOHNSON & JOHNSON,6072804
29/05/2022,PFIZER | BIONTECH,40549756
30/05/2022,ASTRAZENECA | OXFORD,31184664
30/05/2022,CORONAVAC | BUTANTAN,32958917
30/05/2022,JANSSEN | JOHNSON & JOHNSON,6103846
30/05/2022,PFIZER | BIONTECH,40575191
31/05/2022,ASTRAZENECA | OXFORD,31200980
31/05/2022,CORONAVAC | BUTANTAN,32999996
31/05/2022,JANSSEN | JOHNSON & JOHNSON,6136094
31/05/2022,PFIZER | BIONTECH,40606542
01/06/2022,ASTRAZENECA | OXFORD,31217811
01/06/2022,CORONAVAC | BUTANTAN,33047278
01/06/2022,JANSSEN | JOHNSON & JOHNSON,6172804
01/06/2022,PFIZER | BIONTECH,40633979
02/06/2022,ASTRAZENECA | OXFORD,31237491
02/06/2022,CORONAVAC | BUTANTAN,33102061
02/06/2022,JANSSEN | JOHNSON & JOHNSON,6211558
02/06/2022,PFIZER | BIONTECH,40660558
06/06/2022,ASTRAZENECA | OXFORD,31260271
06/06/2022,CORONAVAC | BUTANTAN,33180556
06/06/2022,JANSSEN | JOHNSON & JOHNSON,6258339
06/06/2022,PFIZER | BIONTECH,40689447
07/06/2022,ASTRAZENECA | OXFORD,31346804
07/06/2022,CORONAVAC | BUTANTAN,33366388
07/06/2022,JANSSEN | JOHNSON & JOHNSON,6508258
07/06/2022,PFIZER | BIONTECH,40768352
08/06/2022,ASTRAZENECA | OXFORD,31442686
08/06/2022,CORONAVAC | BUTANTAN,33443086
08/06/2022,JANSSEN | JOHNSON & JOHNSON,6592658
08/06/2022,PFIZER | BIONTECH,40795937
09/06/2022,ASTRAZENECA | OXFORD,31550219
09/06/2022,CORONAVAC | BUTANTAN,33514188
09/06/2022,JANSSEN | JOHNSON & JOHNSON,6679729
09/06/2022,PFIZER | BIONTECH,40822242
10/06/2022,ASTRAZENECA | OXFORD,31616485
10/06/2022,CORONAVAC | BUTANTAN,33590474
10/06/2022,JANSSEN | JOHNSON & JOHNSON,6806080
10/06/2022,PFIZER | BIONTECH,40841212
11/06/2022,ASTRAZENECA | OXFORD,31636729
11/06/2022,CORONAVAC | BUTANTAN,33630835
11/06/2022,JANSSEN | JOHNSON & JOHNSON,6905188
11/06/2022,PFIZER | BIONTECH,40849003
12/06/2022,ASTRAZENECA | OXFORD,31637680
12/06/2022,CORONAVAC | BUTANTAN,33632396
12/06/2022,JANSSEN | JOHNSON & JOHNSON,6910090
12/06/2022,PFIZER | BIONTECH,40849610
